{
    "mistral7": {
        "overall_capture": [
            [
                0.8893144101524366,
                [
                    0.8894953818427572,
                    0.8813076865873416,
                    0.8976830770981729
                ],
                0.0041264113025494655
            ],
            [
                0.8182348140375422,
                [
                    0.8183922117290428,
                    0.8075544205799684,
                    0.8292300028781171
                ],
                0.00546199907264872
            ],
            [
                0.7754608643094589,
                [
                    0.7755409489271683,
                    0.7610829647130232,
                    0.7899989331413134
                ],
                0.007286493648364464
            ]
        ],
        "deceptive_sims": [
            [
                0.8723573992820104,
                [
                    0.8723148517484376,
                    0.8615871491402688,
                    0.8830425543566064
                ],
                0.005406516963788679
            ],
            [
                0.7630348795397338,
                [
                    0.7630852211434735,
                    0.7436195639003474,
                    0.7825508783865996
                ],
                0.009810246419034758
            ],
            [
                0.6605839416058394,
                [
                    0.664537712895377,
                    0.6220501384310355,
                    0.7070252873597185
                ],
                0.021412766598953012
            ]
        ],
        "particular_trials": [
            [
                0.8719471947194719,
                [
                    0.8724120160873755,
                    0.8622956567597678,
                    0.8825283754149832
                ],
                0.005098413920874853
            ],
            [
                0.7700258397932817,
                [
                    0.7684461096056117,
                    0.7160360094544035,
                    0.8208562097568198
                ],
                0.026413492794403644
            ],
            [
                0.7123098201936374,
                [
                    0.7112845316086098,
                    0.6875864276219241,
                    0.7349826355952955
                ],
                0.011943302857415372
            ]
        ]
    },
    "qwen7": {
        "overall_capture": [
            [
                0.879477359765713,
                [
                    0.879050086355786,
                    0.8721396836189623,
                    0.8859604890926096
                ],
                0.0034826850620187197
            ],
            [
                0.6641280353200882,
                [
                    0.664341059602649,
                    0.6514313089582623,
                    0.6772508102470357
                ],
                0.00650621930962279
            ],
            [
                0.6558424621804904,
                [
                    0.6545839853938444,
                    0.6413801160821705,
                    0.6677878547055184
                ],
                0.006654448396701013
            ]
        ],
        "deceptive_sims": [
            [
                0.8735224586288416,
                [
                    0.8730682201958799,
                    0.8620376558046839,
                    0.8840987845870759
                ],
                0.005559152381401133
            ],
            [
                0.6318318318318318,
                [
                    0.6321201201201201,
                    0.6002991506502942,
                    0.663941089589946
                ],
                0.016037041436235647
            ],
            [
                0.6080586080586081,
                [
                    0.6125274725274724,
                    0.5386977055134208,
                    0.6863572395415241
                ],
                0.03720851540851708
            ]
        ],
        "particular_trials": [
            [
                0.8775092175337976,
                [
                    0.8768475388799061,
                    0.8502677428244745,
                    0.9034273349353377
                ],
                0.013395609807295468
            ],
            [
                0.6151399491094148,
                [
                    0.6159167549135826,
                    0.5887133072603062,
                    0.6431202025668589
                ],
                0.013709915960849132
            ],
            [
                0.6091954022988506,
                [
                    0.6095691626375324,
                    0.5337562670498708,
                    0.6853820582251939
                ],
                0.03820796689092786
            ]
        ]
    },
    "qwen14": {
        "overall_capture": [
            [
                0.9584741308102426,
                [
                    0.9585845160321395,
                    0.9544442515706721,
                    0.9627247804936068
                ],
                0.0020865986747665294
            ],
            [
                0.8947721822541966,
                [
                    0.8948940047961631,
                    0.8878115781833367,
                    0.9019764314089895
                ],
                0.003569381164414185
            ],
            [
                0.8701467803030304,
                [
                    0.8701160037878788,
                    0.8614471589961888,
                    0.8787848485795687
                ],
                0.004368899673545609
            ]
        ],
        "deceptive_sims": [
            [
                0.9523306948109058,
                [
                    0.9518065083553209,
                    0.9456492602115264,
                    0.9579637564991154
                ],
                0.0031031123583098565
            ],
            [
                0.8732545649838883,
                [
                    0.8734300035803796,
                    0.8577178616896028,
                    0.8891421454711563
                ],
                0.007918560457227277
            ],
            [
                0.8370098039215687,
                [
                    0.8363848039215687,
                    0.8067976088359494,
                    0.8659719990071879
                ],
                0.014911270193071795
            ]
        ],
        "particular_trials": [
            [
                0.9478260869565217,
                [
                    0.9478698716116952,
                    0.9396475066679125,
                    0.9560922365554779
                ],
                0.004143884033210612
            ],
            [
                0.8715406856670797,
                [
                    0.8705592173555746,
                    0.832698994887963,
                    0.9084194398231863
                ],
                0.019080686937396105
            ],
            [
                0.8459915611814347,
                [
                    0.8460168581292298,
                    0.83207764535162,
                    0.8599560709068396
                ],
                0.0070250446993768536
            ]
        ]
    },